id,first_name,last_name,phone,address,email,gender,title,salary,start_date
1,Dodi,Turk,186-402-0285,93171 Division Pass,dturk0@arstechnica.com,F,Chemical Engineer,"$68,873.33",4/23/2019
2,Ezequiel,Leach,986-591-1303,5699 David Avenue,eleach1@hatena.ne.jp,M,GIS Technical Architect,"$53,052.15",7/30/2018
3,Joya,Nobes,660-126-0816,6 Scofield Pass,jnobes2@netscape.com,F,Actuary,"$50,949.78",12/29/2020
4,Romona,Sirrell,664-514-6132,49012 Iowa Place,rsirrell3@sfgate.com,F,Health Coach IV,"$76,526.96",6/28/2019
5,Alfie,Tipple,782-688-6621,48860 Mesta Court,atipple4@uiuc.edu,F,Business Systems Development Analyst,"$91,020.03",4/24/2020
6,Curtis,Shrimpton,837-786-5851,9333 Fordem Way,cshrimpton5@canalblog.com,M,Junior Executive,"$83,315.80",11/20/2020
7,Rici,Feander,932-270-2620,63 Spenser Street,rfeander6@adobe.com,F,Marketing Assistant,"$86,757.83",5/31/2018
8,Vladamir,Manuello,348-608-7402,4 Waubesa Center,vmanuello7@indiatimes.com,M,Programmer Analyst IV,"$69,260.70",1/24/2018
9,Lauraine,Gehringer,387-107-0569,8377 Lillian Lane,lgehringer8@gov.uk,F,Mechanical Systems Engineer,"$90,629.93",5/22/2020
10,Abbey,Connochie,117-779-4830,711 Vahlen Trail,aconnochie9@cdc.gov,F,VP Product Management,"$78,775.89",6/22/2017
11,Evanne,Moubray,500-865-3199,5 Lindbergh Avenue,emoubraya@usda.gov,F,Engineer III,"$93,243.24",4/7/2017
12,Glad,Riply,807-910-6667,3 Vernon Park,griplyb@dailymotion.com,F,Web Designer I,"$66,767.81",10/12/2018
13,Maryanna,Hendron,963-981-3878,1 Loomis Terrace,mhendronc@scientificamerican.com,F,Account Executive,"$56,421.03",7/31/2020
14,Lorrie,MacIlhargy,913-488-5174,14 Vahlen Junction,lmacilhargyd@statcounter.com,M,Account Executive,"$86,035.84",3/8/2019
15,Gerrie,Gatland,346-791-0959,220 Tony Avenue,ggatlande@yellowbook.com,M,Web Developer II,"$64,608.12",4/13/2018
16,Chip,Found,681-350-7073,3 Rutledge Park,cfoundf@mozilla.com,M,Payment Adjustment Coordinator,"$65,695.14",3/20/2018
17,Truman,Dreakin,881-106-4646,20 Weeping Birch Center,tdreaking@sitemeter.com,M,VP Accounting,"$73,989.56",11/10/2020
18,Rollie,Vidgen,601-451-2801,1789 Sunbrook Plaza,rvidgenh@harvard.edu,M,Sales Representative,"$63,530.08",11/30/2018
19,Frederica,Cadigan,780-438-6338,1 Carpenter Plaza,fcadigani@marketwatch.com,F,Nurse,"$68,779.16",1/11/2019
20,Hector,Rodolfi,606-359-6397,3 Farwell Plaza,hrodolfij@disqus.com,M,Programmer II,"$85,211.66",11/19/2020
21,Martainn,Woolacott,317-301-8745,1579 Wayridge Drive,mwoolacottk@jalbum.net,M,Research Associate,"$51,477.53",5/29/2019
22,Borg,Giraldo,163-263-9479,10144 Florence Circle,bgiraldol@cdbaby.com,M,Structural Engineer,"$56,542.61",9/28/2020
23,Maxim,Fyldes,197-601-4485,6902 Colorado Trail,mfyldesm@ezinearticles.com,M,Mechanical Systems Engineer,"$78,739.74",4/5/2019
24,Dill,Willgress,603-365-9317,476 Northland Parkway,dwillgressn@fastcompany.com,M,Sales Representative,"$88,843.14",5/27/2019
25,Cullin,Janecek,323-485-8590,7878 Merrick Court,cjaneceko@tamu.edu,M,Project Manager,"$99,387.55",9/13/2019
26,Natal,Rosenkrantz,437-601-5496,93 Harbort Terrace,nrosenkrantzp@weebly.com,M,Payment Adjustment Coordinator,"$89,000.07",12/10/2019
27,Hermie,Lansbury,143-475-5705,4 Myrtle Center,hlansburyq@weather.com,M,Software Consultant,"$79,611.12",8/15/2018
28,Jonie,Nolte,919-750-1673,24775 Carioca Point,jnolter@forbes.com,F,Health Coach III,"$56,795.73",6/15/2020
29,Sarge,Collibear,539-749-2926,566 New Castle Terrace,scollibears@4shared.com,M,Media Manager III,"$55,993.48",12/16/2020
30,Bobbie,Larchier,575-170-2531,1876 Saint Paul Way,blarchiert@vinaora.com,F,Environmental Tech,"$70,509.07",8/18/2017
31,Stephenie,Ballantine,896-487-7854,3 Delladonna Terrace,sballantineu@google.de,F,Sales Associate,"$99,374.88",6/4/2018
32,Jeramey,Strother,699-216-2204,54 Reindahl Lane,jstrotherv@hhs.gov,M,Product Engineer,"$84,724.19",12/14/2018
33,Asher,Oleszcuk,626-434-0670,8 Portage Place,aoleszcukw@statcounter.com,M,Account Executive,"$51,129.82",8/28/2018
34,Tabina,Shanks,960-944-2666,756 Harper Road,tshanksx@shareasale.com,F,Technical Writer,"$80,249.60",1/3/2019
35,Aymer,Roubert,845-784-0263,9 Cody Way,arouberty@behance.net,M,Media Manager II,"$69,084.93",7/31/2020
36,Audie,Vosse,594-989-8893,72222 Forest Dale Terrace,avossez@soup.io,F,Environmental Tech,"$73,657.04",5/15/2020
37,Dredi,Cubitt,617-324-1557,5301 Shopko Drive,dcubitt10@networkadvertising.org,F,Account Executive,"$73,025.11",4/13/2018
38,Gae,Kubica,583-550-0098,6 Coleman Plaza,gkubica11@mapy.cz,F,Accounting Assistant II,"$60,199.68",3/1/2019
39,Gunther,Semorad,521-900-0660,3 Vermont Plaza,gsemorad12@ebay.co.uk,M,Biostatistician III,"$61,116.63",1/13/2017
40,Kingsley,Garfath,719-415-7103,0 Ramsey Hill,kgarfath13@qq.com,M,VP Quality Control,"$57,341.09",12/4/2020
41,Emelita,Pesterfield,632-850-0078,3379 Northridge Trail,epesterfield14@indiegogo.com,F,VP Product Management,"$60,208.82",9/26/2018
42,Rebeca,Howbrook,497-909-1400,124 Mallory Terrace,rhowbrook15@loc.gov,F,Professor,"$63,966.73",2/2/2018
43,Hanson,Ceaser,461-701-7126,286 Farragut Terrace,hceaser16@goo.ne.jp,M,Sales Representative,"$86,975.29",9/4/2018
44,Evelyn,Stapford,744-708-3885,7 Logan Junction,estapford17@aol.com,F,Marketing Assistant,"$50,153.43",6/7/2017
45,Mindy,Lothlorien,922-992-7839,22 Browning Terrace,mlothlorien18@howstuffworks.com,F,Information Systems Manager,"$98,154.90",7/1/2020
46,Suzanne,Cosker,201-966-7124,74 Spohn Point,scosker19@ustream.tv,F,Analyst Programmer,"$93,298.64",8/11/2017
47,Karly,Folley,471-622-7421,2 Lotheville Plaza,kfolley1a@macromedia.com,F,Automation Specialist IV,"$71,821.33",2/15/2019
48,Evan,Motte,356-621-4286,2906 Hauk Park,emotte1b@themeforest.net,M,Nurse,"$99,537.67",6/8/2020
49,Wye,Bonn,451-380-8970,19132 Stuart Lane,wbonn1c@cbslocal.com,M,Director of Sales,"$99,677.13",5/5/2017
50,Catrina,Cordon,615-989-4586,8 Ilene Center,ccordon1d@buzzfeed.com,F,Engineer I,"$59,505.84",12/19/2018
51,Tabor,Kelbie,470-721-5802,422 Merchant Alley,tkelbie1e@globo.com,M,Senior Cost Accountant,"$93,810.81",11/12/2018
52,Linet,Paolinelli,369-816-5230,8396 Rockefeller Park,lpaolinelli1f@friendfeed.com,F,Payment Adjustment Coordinator,"$75,889.16",6/18/2018
53,Julio,Aspole,511-207-2651,790 Springs Lane,jaspole1g@vk.com,M,Quality Control Specialist,"$67,318.72",3/15/2019
54,Shandie,Halbeard,530-434-1729,271 Farragut Junction,shalbeard1h@so-net.ne.jp,F,Quality Control Specialist,"$74,272.51",2/6/2019
55,Danell,Deeming,699-819-2851,7 School Court,ddeeming1i@goo.gl,F,Executive Secretary,"$64,672.61",9/24/2019
56,Sapphire,Kornyakov,124-197-9762,053 Blue Bill Park Hill,skornyakov1j@blog.com,F,Dental Hygienist,"$79,941.77",9/2/2019
57,Aime,Tammadge,262-480-9931,76 Rusk Place,atammadge1k@nytimes.com,F,Civil Engineer,"$53,411.88",8/9/2019
58,Simone,Casillas,251-984-9614,8 Shasta Way,scasillas1l@slashdot.org,M,Clinical Specialist,"$91,927.57",12/1/2017
59,Nye,Alleway,187-152-2774,37763 Sachs Lane,nalleway1m@businessweek.com,M,Software Consultant,"$98,820.75",12/27/2019
60,Ann-marie,Bastide,357-302-9502,6 Melvin Road,abastide1n@smugmug.com,F,Physical Therapy Assistant,"$57,745.56",4/29/2019
61,Desmund,Solland,540-988-9740,641 Sloan Street,dsolland1o@i2i.jp,M,Tax Accountant,"$89,646.34",5/29/2020
62,Ester,Cockett,234-538-3037,87420 Sauthoff Terrace,ecockett1p@cisco.com,F,Quality Control Specialist,"$96,119.47",6/19/2020
63,Dermot,Biagi,664-497-9628,109 Stone Corner Hill,dbiagi1q@bloglines.com,M,Chemical Engineer,"$89,322.27",5/1/2019
64,Beret,Rossbrook,579-854-3681,12 Artisan Center,brossbrook1r@zdnet.com,F,Operator,"$93,828.33",4/24/2020
65,Kayne,Atyeo,312-420-7842,85220 4th Circle,katyeo1s@businessweek.com,M,Geologist I,"$79,091.46",7/20/2018
66,Rowney,Riseborough,385-505-0558,51 Lakeland Trail,rriseborough1t@paypal.com,M,Administrative Officer,"$74,621.36",3/13/2020
67,Ingrim,Gerhts,549-362-1268,62707 Bashford Crossing,igerhts1u@auda.org.au,M,Senior Cost Accountant,"$74,936.92",3/24/2017
68,Bunnie,Trimble,592-998-1390,17362 Killdeer Junction,btrimble1v@mail.ru,F,Technical Writer,"$74,149.14",5/18/2020
69,Kylie,Crosetti,248-137-3448,6 Eastlawn Road,kcrosetti1w@gnu.org,F,Associate Professor,"$86,801.44",12/3/2020
70,Lesya,Moorton,985-259-7796,4 Fallview Terrace,lmoorton1x@dyndns.org,F,Graphic Designer,"$89,495.65",10/30/2017
71,Tannie,Sothcott,973-451-8897,77 Elka Parkway,tsothcott1y@cam.ac.uk,M,Physical Therapy Assistant,"$88,108.06",9/29/2017
72,Ellsworth,Aps,240-530-4520,4 Bultman Circle,eaps1z@zdnet.com,M,Sales Representative,"$62,655.75",8/20/2018
73,Tally,Pedersen,755-759-4312,7646 Tennessee Street,tpedersen20@comsenz.com,F,Civil Engineer,"$54,113.46",11/8/2019
74,Jilli,Tolchard,175-870-0165,99986 Gale Avenue,jtolchard21@sitemeter.com,F,Sales Representative,"$97,807.08",5/14/2020
75,Marcia,Brownhall,310-750-1478,095 Leroy Circle,mbrownhall22@shutterfly.com,F,Automation Specialist III,"$63,523.95",1/26/2018
76,Erasmus,Whittington,556-383-5238,72 Sommers Road,ewhittington23@constantcontact.com,M,Recruiter,"$52,800.31",11/13/2020
77,Yvor,Whittlesea,475-859-9993,30656 Roth Road,ywhittlesea24@slideshare.net,M,Legal Assistant,"$82,921.06",7/3/2017
78,Wallie,Cicconetti,161-290-3729,79 Truax Plaza,wcicconetti25@google.nl,M,Computer Systems Analyst II,"$73,538.47",8/16/2017
79,Kevyn,Drewell,237-615-3380,5123 Sloan Park,kdrewell26@plala.or.jp,F,Help Desk Operator,"$75,339.25",12/11/2017
80,Rayna,Klasing,380-265-1399,843 Melody Terrace,rklasing27@fc2.com,F,Recruiting Manager,"$55,522.56",1/25/2018
81,Basil,Thurstance,208-398-5285,324 Monterey Crossing,bthurstance28@dot.gov,M,Internal Auditor,"$89,866.46",8/30/2019
82,Mildred,Markie,982-895-3761,241 Kedzie Hill,mmarkie29@walmart.com,F,Analyst Programmer,"$67,204.93",12/24/2019
83,Bondon,Duckels,762-221-5811,8818 Lawn Avenue,bduckels2a@theatlantic.com,M,Help Desk Operator,"$83,996.40",10/6/2017
84,Alden,Goodger,860-567-8305,8 Fairfield Street,agoodger2b@networksolutions.com,M,Analog Circuit Design manager,"$98,007.12",10/16/2019
85,Somerset,Pruce,495-151-5095,47870 Southridge Drive,spruce2c@ehow.com,M,Assistant Media Planner,"$65,331.63",11/16/2017
86,Mufi,Swalwel,420-379-1135,4498 Haas Point,mswalwel2d@noaa.gov,F,Environmental Specialist,"$95,404.64",11/24/2017
87,Jesse,Trevear,331-929-7280,17889 Basil Place,jtrevear2e@vk.com,F,Associate Professor,"$96,321.21",2/1/2019
88,Winna,Waiting,639-607-0851,88 Mockingbird Alley,wwaiting2f@cdbaby.com,F,Engineer II,"$59,336.81",6/12/2019
89,Boigie,Cornford,330-957-0491,1 Sunbrook Place,bcornford2g@zdnet.com,M,Quality Control Specialist,"$99,666.27",3/31/2017
90,Den,Piddocke,490-412-3195,2973 Summerview Center,dpiddocke2h@washington.edu,M,Clinical Specialist,"$72,525.93",9/7/2018
91,Gweneth,Lean,904-974-8254,709 Bellgrove Street,glean2i@msu.edu,F,Physical Therapy Assistant,"$83,649.76",2/23/2018
92,Virgil,Vlasenko,488-769-6729,603 Artisan Plaza,vvlasenko2j@cdc.gov,M,Environmental Tech,"$96,402.77",9/3/2019
93,Hart,McDougall,606-118-5928,20 Stephen Hill,hmcdougall2k@mapy.cz,M,Engineer I,"$95,199.88",8/30/2019
94,Elspeth,Budnk,480-395-9302,9 Holmberg Alley,ebudnk2l@foxnews.com,F,Operator,"$56,210.01",8/13/2020
95,Joshuah,Dauncey,478-977-1460,59187 Sunbrook Parkway,jdauncey2m@soup.io,M,Senior Financial Analyst,"$58,454.01",5/3/2019
96,Rinaldo,Crowter,101-399-7602,1949 Maple Wood Alley,rcrowter2n@amazon.de,M,Accountant I,"$67,134.18",10/20/2017
97,Fae,Laroux,847-243-4742,87 Declaration Drive,flaroux2o@loc.gov,F,Structural Engineer,"$97,517.95",2/10/2017
98,Mufi,McAneny,338-263-4365,2 La Follette Court,mmcaneny2p@usnews.com,F,Teacher,"$81,481.77",2/27/2020
99,Nessie,Mila,640-381-2759,8 Troy Junction,nmila2q@macromedia.com,F,Compensation Analyst,"$92,280.62",9/4/2018
100,Vittorio,Moulding,248-895-5767,27995 Pleasure Trail,vmoulding2r@cbslocal.com,M,Web Designer II,"$89,326.81",12/7/2018